path,filename,size_bytes,split,seq,site,date,time,datetime,year,month,hour,date_only,duration_sec
train_soundscapes/BC2026_Train_0001_S08_20250606_030007.ogg,BC2026_Train_0001_S08_20250606_030007.ogg,483357,Train,0001,S08,20250606,030007,2025-06-06 03:00:07,2025,6,3,2025-06-06,60.0
train_soundscapes/BC2026_Train_0002_S08_20250607_030007.ogg,BC2026_Train_0002_S08_20250607_030007.ogg,475866,Train,0002,S08,20250607,030007,2025-06-07 03:00:07,2025,6,3,2025-06-07,60.0
train_soundscapes/BC2026_Train_0003_S08_20250607_070007.ogg,BC2026_Train_0003_S08_20250607_070007.ogg,471886,Train,0003,S08,20250607,070007,2025-06-07 07:00:07,2025,6,7,2025-06-07,60.0
train_soundscapes/BC2026_Train_0004_S08_20250607_070007.ogg,BC2026_Train_0004_S08_20250607_070007.ogg,470386,Train,0004,S08,20250607,070007,2025-06-07 07:00:07,2025,6,7,2025-06-07,60.0
train_soundscapes/BC2026_Train_0005_S08_20250607_070007.ogg,BC2026_Train_0005_S08_20250607_070007.ogg,475738,Train,0005,S08,20250607,070007,2025-06-07 07:00:07,2025,6,7,2025-06-07,60.0
train_soundscapes/BC2026_Train_0006_S09_20250828_000000.ogg,BC2026_Train_0006_S09_20250828_000000.ogg,459899,Train,0006,S09,20250828,000000,2025-08-28 00:00:00,2025,8,0,2025-08-28,60.0
train_soundscapes/BC2026_Train_0007_S09_20250829_000000.ogg,BC2026_Train_0007_S09_20250829_000000.ogg,453619,Train,0007,S09,20250829,000000,2025-08-29 00:00:00,2025,8,0,2025-08-29,60.0
train_soundscapes/BC2026_Train_0008_S09_20250831_000000.ogg,BC2026_Train_0008_S09_20250831_000000.ogg,451828,Train,0008,S09,20250831,000000,2025-08-31 00:00:00,2025,8,0,2025-08-31,60.0
train_soundscapes/BC2026_Train_0009_S09_20250828_000000.ogg,BC2026_Train_0009_S09_20250828_000000.ogg,457818,Train,0009,S09,20250828,000000,2025-08-28 00:00:00,2025,8,0,2025-08-28,60.0
train_soundscapes/BC2026_Train_0010_S09_20250828_000000.ogg,BC2026_Train_0010_S09_20250828_000000.ogg,461621,Train,0010,S09,20250828,000000,2025-08-28 00:00:00,2025,8,0,2025-08-28,60.0
train_soundscapes/BC2026_Train_0011_S03_20211114_200000.ogg,BC2026_Train_0011_S03_20211114_200000.ogg,495042,Train,0011,S03,20211114,200000,2021-11-14 20:00:00,2021,11,20,2021-11-14,60.0
train_soundscapes/BC2026_Train_0012_S03_20220211_233000.ogg,BC2026_Train_0012_S03_20220211_233000.ogg,482989,Train,0012,S03,20220211,233000,2022-02-11 23:30:00,2022,2,23,2022-02-11,60.0
train_soundscapes/BC2026_Train_0013_S13_20220217_233000.ogg,BC2026_Train_0013_S13_20220217_233000.ogg,486029,Train,0013,S13,20220217,233000,2022-02-17 23:30:00,2022,2,23,2022-02-17,60.0
train_soundscapes/BC2026_Train_0014_S13_20220228_214500.ogg,BC2026_Train_0014_S13_20220228_214500.ogg,548178,Train,0014,S13,20220228,214500,2022-02-28 21:45:00,2022,2,21,2022-02-28,60.0
train_soundscapes/BC2026_Train_0015_S18_20211016_011500.ogg,BC2026_Train_0015_S18_20211016_011500.ogg,489545,Train,0015,S18,20211016,011500,2021-10-16 01:15:00,2021,10,1,2021-10-16,60.0
train_soundscapes/BC2026_Train_0016_S18_20220204_221500.ogg,BC2026_Train_0016_S18_20220204_221500.ogg,489370,Train,0016,S18,20220204,221500,2022-02-04 22:15:00,2022,2,22,2022-02-04,60.0
train_soundscapes/BC2026_Train_0017_S22_20211026_233000.ogg,BC2026_Train_0017_S22_20211026_233000.ogg,479518,Train,0017,S22,20211026,233000,2021-10-26 23:30:00,2021,10,23,2021-10-26,60.0
train_soundscapes/BC2026_Train_0018_S22_20211028_234500.ogg,BC2026_Train_0018_S22_20211028_234500.ogg,490708,Train,0018,S22,20211028,234500,2021-10-28 23:45:00,2021,10,23,2021-10-28,60.0
train_soundscapes/BC2026_Train_0019_S22_20211104_200000.ogg,BC2026_Train_0019_S22_20211104_200000.ogg,487928,Train,0019,S22,20211104,200000,2021-11-04 20:00:00,2021,11,20,2021-11-04,60.0
train_soundscapes/BC2026_Train_0020_S22_20211104_231500.ogg,BC2026_Train_0020_S22_20211104_231500.ogg,482888,Train,0020,S22,20211104,231500,2021-11-04 23:15:00,2021,11,23,2021-11-04,60.0
train_soundscapes/BC2026_Train_0021_S22_20211106_023000.ogg,BC2026_Train_0021_S22_20211106_023000.ogg,509040,Train,0021,S22,20211106,023000,2021-11-06 02:30:00,2021,11,2,2021-11-06,60.0
train_soundscapes/BC2026_Train_0022_S22_20211114_014500.ogg,BC2026_Train_0022_S22_20211114_014500.ogg,478455,Train,0022,S22,20211114,014500,2021-11-14 01:45:00,2021,11,1,2021-11-14,60.0
train_soundscapes/BC2026_Train_0023_S22_20211121_230000.ogg,BC2026_Train_0023_S22_20211121_230000.ogg,489168,Train,0023,S22,20211121,230000,2021-11-21 23:00:00,2021,11,23,2021-11-21,60.0
train_soundscapes/BC2026_Train_0024_S22_20211123_004500.ogg,BC2026_Train_0024_S22_20211123_004500.ogg,487141,Train,0024,S22,20211123,004500,2021-11-23 00:45:00,2021,11,0,2021-11-23,60.0
train_soundscapes/BC2026_Train_0025_S22_20211127_024500.ogg,BC2026_Train_0025_S22_20211127_024500.ogg,524638,Train,0025,S22,20211127,024500,2021-11-27 02:45:00,2021,11,2,2021-11-27,60.0
train_soundscapes/BC2026_Train_0026_S22_20211128_004500.ogg,BC2026_Train_0026_S22_20211128_004500.ogg,481067,Train,0026,S22,20211128,004500,2021-11-28 00:45:00,2021,11,0,2021-11-28,60.0
train_soundscapes/BC2026_Train_0027_S22_20211129_014500.ogg,BC2026_Train_0027_S22_20211129_014500.ogg,500573,Train,0027,S22,20211129,014500,2021-11-29 01:45:00,2021,11,1,2021-11-29,60.0
train_soundscapes/BC2026_Train_0028_S22_20211129_190000.ogg,BC2026_Train_0028_S22_20211129_190000.ogg,494776,Train,0028,S22,20211129,190000,2021-11-29 19:00:00,2021,11,19,2021-11-29,60.0
train_soundscapes/BC2026_Train_0029_S22_20211211_023000.ogg,BC2026_Train_0029_S22_20211211_023000.ogg,479848,Train,0029,S22,20211211,023000,2021-12-11 02:30:00,2021,12,2,2021-12-11,60.0
train_soundscapes/BC2026_Train_0030_S22_20211212_224500.ogg,BC2026_Train_0030_S22_20211212_224500.ogg,515494,Train,0030,S22,20211212,224500,2021-12-12 22:45:00,2021,12,22,2021-12-12,60.0
train_soundscapes/BC2026_Train_0031_S22_20211214_204500.ogg,BC2026_Train_0031_S22_20211214_204500.ogg,527630,Train,0031,S22,20211214,204500,2021-12-14 20:45:00,2021,12,20,2021-12-14,60.0
train_soundscapes/BC2026_Train_0032_S22_20211215_221500.ogg,BC2026_Train_0032_S22_20211215_221500.ogg,654749,Train,0032,S22,20211215,221500,2021-12-15 22:15:00,2021,12,22,2021-12-15,60.0
train_soundscapes/BC2026_Train_0033_S22_20211216_200000.ogg,BC2026_Train_0033_S22_20211216_200000.ogg,493759,Train,0033,S22,20211216,200000,2021-12-16 20:00:00,2021,12,20,2021-12-16,60.0
train_soundscapes/BC2026_Train_0034_S22_20211222_013000.ogg,BC2026_Train_0034_S22_20211222_013000.ogg,511311,Train,0034,S22,20211222,013000,2021-12-22 01:30:00,2021,12,1,2021-12-22,60.0
train_soundscapes/BC2026_Train_0035_S22_20211223_213000.ogg,BC2026_Train_0035_S22_20211223_213000.ogg,586287,Train,0035,S22,20211223,213000,2021-12-23 21:30:00,2021,12,21,2021-12-23,60.0
train_soundscapes/BC2026_Train_0036_S22_20211224_234500.ogg,BC2026_Train_0036_S22_20211224_234500.ogg,615799,Train,0036,S22,20211224,234500,2021-12-24 23:45:00,2021,12,23,2021-12-24,60.0
train_soundscapes/BC2026_Train_0037_S22_20211226_021500.ogg,BC2026_Train_0037_S22_20211226_021500.ogg,505986,Train,0037,S22,20211226,021500,2021-12-26 02:15:00,2021,12,2,2021-12-26,60.0
train_soundscapes/BC2026_Train_0038_S22_20211228_220000.ogg,BC2026_Train_0038_S22_20211228_220000.ogg,676716,Train,0038,S22,20211228,220000,2021-12-28 22:00:00,2021,12,22,2021-12-28,60.0
train_soundscapes/BC2026_Train_0039_S22_20211231_201500.ogg,BC2026_Train_0039_S22_20211231_201500.ogg,526089,Train,0039,S22,20211231,201500,2021-12-31 20:15:00,2021,12,20,2021-12-31,60.0
train_soundscapes/BC2026_Train_0040_S22_20220101_014500.ogg,BC2026_Train_0040_S22_20220101_014500.ogg,495578,Train,0040,S22,20220101,014500,2022-01-01 01:45:00,2022,1,1,2022-01-01,60.0
train_soundscapes/BC2026_Train_0041_S22_20220105_223000.ogg,BC2026_Train_0041_S22_20220105_223000.ogg,611843,Train,0041,S22,20220105,223000,2022-01-05 22:30:00,2022,1,22,2022-01-05,60.0
train_soundscapes/BC2026_Train_0042_S22_20220106_210000.ogg,BC2026_Train_0042_S22_20220106_210000.ogg,628617,Train,0042,S22,20220106,210000,2022-01-06 21:00:00,2022,1,21,2022-01-06,60.0
train_soundscapes/BC2026_Train_0043_S22_20220112_040000.ogg,BC2026_Train_0043_S22_20220112_040000.ogg,494004,Train,0043,S22,20220112,040000,2022-01-12 04:00:00,2022,1,4,2022-01-12,60.0
train_soundscapes/BC2026_Train_0044_S22_20220124_023000.ogg,BC2026_Train_0044_S22_20220124_023000.ogg,510129,Train,0044,S22,20220124,023000,2022-01-24 02:30:00,2022,1,2,2022-01-24,60.0
train_soundscapes/BC2026_Train_0045_S22_20220125_211500.ogg,BC2026_Train_0045_S22_20220125_211500.ogg,581405,Train,0045,S22,20220125,211500,2022-01-25 21:15:00,2022,1,21,2022-01-25,60.0
train_soundscapes/BC2026_Train_0046_S22_20220127_230000.ogg,BC2026_Train_0046_S22_20220127_230000.ogg,552687,Train,0046,S22,20220127,230000,2022-01-27 23:00:00,2022,1,23,2022-01-27,60.0
train_soundscapes/BC2026_Train_0047_S22_20220131_003000.ogg,BC2026_Train_0047_S22_20220131_003000.ogg,498828,Train,0047,S22,20220131,003000,2022-01-31 00:30:00,2022,1,0,2022-01-31,60.0
train_soundscapes/BC2026_Train_0048_S22_20220131_180000.ogg,BC2026_Train_0048_S22_20220131_180000.ogg,479468,Train,0048,S22,20220131,180000,2022-01-31 18:00:00,2022,1,18,2022-01-31,60.0
train_soundscapes/BC2026_Train_0049_S22_20220203_221500.ogg,BC2026_Train_0049_S22_20220203_221500.ogg,682842,Train,0049,S22,20220203,221500,2022-02-03 22:15:00,2022,2,22,2022-02-03,60.0
train_soundscapes/BC2026_Train_0050_S22_20220205_214500.ogg,BC2026_Train_0050_S22_20220205_214500.ogg,594650,Train,0050,S22,20220205,214500,2022-02-05 21:45:00,2022,2,21,2022-02-05,60.0
train_soundscapes/BC2026_Train_0051_S22_20220208_231500.ogg,BC2026_Train_0051_S22_20220208_231500.ogg,552051,Train,0051,S22,20220208,231500,2022-02-08 23:15:00,2022,2,23,2022-02-08,60.0
train_soundscapes/BC2026_Train_0052_S22_20220210_210000.ogg,BC2026_Train_0052_S22_20220210_210000.ogg,596205,Train,0052,S22,20220210,210000,2022-02-10 21:00:00,2022,2,21,2022-02-10,60.0
train_soundscapes/BC2026_Train_0053_S22_20220211_204500.ogg,BC2026_Train_0053_S22_20220211_204500.ogg,518457,Train,0053,S22,20220211,204500,2022-02-11 20:45:00,2022,2,20,2022-02-11,60.0
train_soundscapes/BC2026_Train_0054_S22_20220214_034500.ogg,BC2026_Train_0054_S22_20220214_034500.ogg,507583,Train,0054,S22,20220214,034500,2022-02-14 03:45:00,2022,2,3,2022-02-14,60.0
train_soundscapes/BC2026_Train_0055_S22_20220219_200000.ogg,BC2026_Train_0055_S22_20220219_200000.ogg,540442,Train,0055,S22,20220219,200000,2022-02-19 20:00:00,2022,2,20,2022-02-19,60.0
train_soundscapes/BC2026_Train_0056_S22_20220221_214500.ogg,BC2026_Train_0056_S22_20220221_214500.ogg,563157,Train,0056,S22,20220221,214500,2022-02-21 21:45:00,2022,2,21,2022-02-21,60.0
train_soundscapes/BC2026_Train_0057_S15_20250617_060000.ogg,BC2026_Train_0057_S15_20250617_060000.ogg,472233,Train,0057,S15,20250617,060000,2025-06-17 06:00:00,2025,6,6,2025-06-17,60.0
train_soundscapes/BC2026_Train_0058_S15_20250617_060100.ogg,BC2026_Train_0058_S15_20250617_060100.ogg,472581,Train,0058,S15,20250617,060100,2025-06-17 06:01:00,2025,6,6,2025-06-17,60.0
train_soundscapes/BC2026_Train_0059_S15_20250617_060200.ogg,BC2026_Train_0059_S15_20250617_060200.ogg,473032,Train,0059,S15,20250617,060200,2025-06-17 06:02:00,2025,6,6,2025-06-17,60.0
train_soundscapes/BC2026_Train_0060_S15_20250617_062700.ogg,BC2026_Train_0060_S15_20250617_062700.ogg,473296,Train,0060,S15,20250617,062700,2025-06-17 06:27:00,2025,6,6,2025-06-17,60.0
train_soundscapes/BC2026_Train_0061_S19_20250418_210000.ogg,BC2026_Train_0061_S19_20250418_210000.ogg,462185,Train,0061,S19,20250418,210000,2025-04-18 21:00:00,2025,4,21,2025-04-18,60.0
train_soundscapes/BC2026_Train_0062_S19_20241213_193000.ogg,BC2026_Train_0062_S19_20241213_193000.ogg,468254,Train,0062,S19,20241213,193000,2024-12-13 19:30:00,2024,12,19,2024-12-13,60.0
train_soundscapes/BC2026_Train_0063_S19_20241214_190000.ogg,BC2026_Train_0063_S19_20241214_190000.ogg,482434,Train,0063,S19,20241214,190000,2024-12-14 19:00:00,2024,12,19,2024-12-14,60.0
train_soundscapes/BC2026_Train_0064_S23_20241124_032002.ogg,BC2026_Train_0064_S23_20241124_032002.ogg,466397,Train,0064,S23,20241124,032002,2024-11-24 03:20:02,2024,11,3,2024-11-24,60.0
train_soundscapes/BC2026_Train_0065_S23_20241124_040002.ogg,BC2026_Train_0065_S23_20241124_040002.ogg,486804,Train,0065,S23,20241124,040002,2024-11-24 04:00:02,2024,11,4,2024-11-24,60.0
train_soundscapes/BC2026_Train_0066_S23_20241124_044002.ogg,BC2026_Train_0066_S23_20241124_044002.ogg,467253,Train,0066,S23,20241124,044002,2024-11-24 04:40:02,2024,11,4,2024-11-24,60.0
train_soundscapes/BC2026_Train_9046_S22_20230302_180000.ogg,BC2026_Train_9046_S22_20230302_180000.ogg,489833,Train,9046,S22,20230302,180000,2023-03-02 18:00:00,2023,3,18,2023-03-02,60.0
train_soundscapes/BC2026_Train_6185_S13_20230206_020000.ogg,BC2026_Train_6185_S13_20230206_020000.ogg,517159,Train,6185,S13,20230206,020000,2023-02-06 02:00:00,2023,2,2,2023-02-06,60.0
train_soundscapes/BC2026_Train_6936_S13_20240119_190000.ogg,BC2026_Train_6936_S13_20240119_190000.ogg,523773,Train,6936,S13,20240119,190000,2024-01-19 19:00:00,2024,1,19,2024-01-19,60.0
train_soundscapes/BC2026_Train_2096_S01_20240101_200000.ogg,BC2026_Train_2096_S01_20240101_200000.ogg,501262,Train,2096,S01,20240101,200000,2024-01-01 20:00:00,2024,1,20,2024-01-01,60.0
train_soundscapes/BC2026_Train_2371_S01_20240305_193000.ogg,BC2026_Train_2371_S01_20240305_193000.ogg,537903,Train,2371,S01,20240305,193000,2024-03-05 19:30:00,2024,3,19,2024-03-05,60.0
train_soundscapes/BC2026_Train_0500_S01_20211114_194500.ogg,BC2026_Train_0500_S01_20211114_194500.ogg,483831,Train,0500,S01,20211114,194500,2021-11-14 19:45:00,2021,11,19,2021-11-14,60.0
train_soundscapes/BC2026_Train_6677_S13_20231104_214500.ogg,BC2026_Train_6677_S13_20231104_214500.ogg,483830,Train,6677,S13,20231104,214500,2023-11-04 21:45:00,2023,11,21,2023-11-04,60.0
train_soundscapes/BC2026_Train_7432_S22_20211130_021500.ogg,BC2026_Train_7432_S22_20211130_021500.ogg,505370,Train,7432,S22,20211130,021500,2021-11-30 02:15:00,2021,11,2,2021-11-30,60.0
train_soundscapes/BC2026_Train_7558_S22_20211223_194500.ogg,BC2026_Train_7558_S22_20211223_194500.ogg,505266,Train,7558,S22,20211223,194500,2021-12-23 19:45:00,2021,12,19,2021-12-23,60.0
train_soundscapes/BC2026_Train_4602_S02_20231221_204500.ogg,BC2026_Train_4602_S02_20231221_204500.ogg,499944,Train,4602,S02,20231221,204500,2023-12-21 20:45:00,2023,12,20,2023-12-21,60.0
train_soundscapes/BC2026_Train_1470_S01_20230421_223000.ogg,BC2026_Train_1470_S01_20230421_223000.ogg,513695,Train,1470,S01,20230421,223000,2023-04-21 22:30:00,2023,4,22,2023-04-21,60.0
train_soundscapes/BC2026_Train_4234_S02_20230912_234500.ogg,BC2026_Train_4234_S02_20230912_234500.ogg,497360,Train,4234,S02,20230912,234500,2023-09-12 23:45:00,2023,9,23,2023-09-12,60.0
train_soundscapes/BC2026_Train_5254_S13_20211101_191500.ogg,BC2026_Train_5254_S13_20211101_191500.ogg,517473,Train,5254,S13,20211101,191500,2021-11-01 19:15:00,2021,11,19,2021-11-01,60.0
train_soundscapes/BC2026_Train_2705_S02_20211012_010000.ogg,BC2026_Train_2705_S02_20211012_010000.ogg,477107,Train,2705,S02,20211012,010000,2021-10-12 01:00:00,2021,10,1,2021-10-12,60.0
train_soundscapes/BC2026_Train_1779_S01_20231026_234500.ogg,BC2026_Train_1779_S01_20231026_234500.ogg,499519,Train,1779,S01,20231026,234500,2023-10-26 23:45:00,2023,10,23,2023-10-26,60.0
train_soundscapes/BC2026_Train_8818_S22_20230121_031500.ogg,BC2026_Train_8818_S22_20230121_031500.ogg,522898,Train,8818,S22,20230121,031500,2023-01-21 03:15:00,2023,1,3,2023-01-21,60.0
train_soundscapes/BC2026_Train_2072_S01_20231227_181500.ogg,BC2026_Train_2072_S01_20231227_181500.ogg,482549,Train,2072,S01,20231227,181500,2023-12-27 18:15:00,2023,12,18,2023-12-27,60.0
train_soundscapes/BC2026_Train_9551_S22_20231126_180000.ogg,BC2026_Train_9551_S22_20231126_180000.ogg,482776,Train,9551,S22,20231126,180000,2023-11-26 18:00:00,2023,11,18,2023-11-26,60.0
train_soundscapes/BC2026_Train_6202_S13_20230211_014500.ogg,BC2026_Train_6202_S13_20230211_014500.ogg,512894,Train,6202,S13,20230211,014500,2023-02-11 01:45:00,2023,2,1,2023-02-11,60.0
train_soundscapes/BC2026_Train_6850_S13_20231228_203000.ogg,BC2026_Train_6850_S13_20231228_203000.ogg,519953,Train,6850,S13,20231228,203000,2023-12-28 20:30:00,2023,12,20,2023-12-28,60.0
train_soundscapes/BC2026_Train_2677_S02_20211006_201500.ogg,BC2026_Train_2677_S02_20211006_201500.ogg,485343,Train,2677,S02,20211006,201500,2021-10-06 20:15:00,2021,10,20,2021-10-06,60.0
train_soundscapes/BC2026_Train_0223_S10_20251128_103307.ogg,BC2026_Train_0223_S10_20251128_103307.ogg,468200,Train,0223,S10,20251128,103307,2025-11-28 10:33:07,2025,11,10,2025-11-28,60.0
train_soundscapes/BC2026_Train_4397_S02_20231025_023000.ogg,BC2026_Train_4397_S02_20231025_023000.ogg,488874,Train,4397,S02,20231025,023000,2023-10-25 02:30:00,2023,10,2,2023-10-25,60.0
train_soundscapes/BC2026_Train_6827_S13_20231220_220000.ogg,BC2026_Train_6827_S13_20231220_220000.ogg,547568,Train,6827,S13,20231220,220000,2023-12-20 22:00:00,2023,12,22,2023-12-20,60.0
train_soundscapes/BC2026_Train_7587_S22_20211227_233000.ogg,BC2026_Train_7587_S22_20211227_233000.ogg,578971,Train,7587,S22,20211227,233000,2021-12-27 23:30:00,2021,12,23,2021-12-27,60.0
train_soundscapes/BC2026_Train_4877_S02_20240227_021500.ogg,BC2026_Train_4877_S02_20240227_021500.ogg,511438,Train,4877,S02,20240227,021500,2024-02-27 02:15:00,2024,2,2,2024-02-27,60.0
train_soundscapes/BC2026_Train_5935_S13_20221201_211500.ogg,BC2026_Train_5935_S13_20221201_211500.ogg,632987,Train,5935,S13,20221201,211500,2022-12-01 21:15:00,2022,12,21,2022-12-01,60.0
train_soundscapes/BC2026_Train_3047_S02_20220109_231500.ogg,BC2026_Train_3047_S02_20220109_231500.ogg,478614,Train,3047,S02,20220109,231500,2022-01-09 23:15:00,2022,1,23,2022-01-09,60.0
train_soundscapes/BC2026_Train_1460_S01_20230419_234500.ogg,BC2026_Train_1460_S01_20230419_234500.ogg,499292,Train,1460,S01,20230419,234500,2023-04-19 23:45:00,2023,4,23,2023-04-19,60.0
train_soundscapes/BC2026_Train_6224_S13_20230217_210000.ogg,BC2026_Train_6224_S13_20230217_210000.ogg,590343,Train,6224,S13,20230217,210000,2023-02-17 21:00:00,2023,2,21,2023-02-17,60.0
train_soundscapes/BC2026_Train_7068_S22_20210921_204500.ogg,BC2026_Train_7068_S22_20210921_204500.ogg,461888,Train,7068,S22,20210921,204500,2021-09-21 20:45:00,2021,9,20,2021-09-21,60.0
train_soundscapes/BC2026_Train_0863_S01_20220202_023000.ogg,BC2026_Train_0863_S01_20220202_023000.ogg,509852,Train,0863,S01,20220202,023000,2022-02-02 02:30:00,2022,2,2,2022-02-02,60.0
train_soundscapes/BC2026_Train_8904_S22_20230206_010000.ogg,BC2026_Train_8904_S22_20230206_010000.ogg,519044,Train,8904,S22,20230206,010000,2023-02-06 01:00:00,2023,2,1,2023-02-06,60.0
train_soundscapes/BC2026_Train_4210_S02_20230906_214500.ogg,BC2026_Train_4210_S02_20230906_214500.ogg,506367,Train,4210,S02,20230906,214500,2023-09-06 21:45:00,2023,9,21,2023-09-06,60.0
train_soundscapes/BC2026_Train_9870_S22_20240125_213000.ogg,BC2026_Train_9870_S22_20240125_213000.ogg,564346,Train,9870,S22,20240125,213000,2024-01-25 21:30:00,2024,1,21,2024-01-25,60.0
train_soundscapes/BC2026_Train_8551_S22_20221129_234500.ogg,BC2026_Train_8551_S22_20221129_234500.ogg,509288,Train,8551,S22,20221129,234500,2022-11-29 23:45:00,2022,11,23,2022-11-29,60.0
train_soundscapes/BC2026_Train_5015_S02_20240404_193000.ogg,BC2026_Train_5015_S02_20240404_193000.ogg,488290,Train,5015,S02,20240404,193000,2024-04-04 19:30:00,2024,4,19,2024-04-04,60.0
train_soundscapes/BC2026_Train_4702_S02_20240116_033000.ogg,BC2026_Train_4702_S02_20240116_033000.ogg,492455,Train,4702,S02,20240116,033000,2024-01-16 03:30:00,2024,1,3,2024-01-16,60.0
train_soundscapes/BC2026_Train_5230_S13_20211026_021500.ogg,BC2026_Train_5230_S13_20211026_021500.ogg,468616,Train,5230,S13,20211026,021500,2021-10-26 02:15:00,2021,10,2,2021-10-26,60.0
train_soundscapes/BC2026_Train_0568_S01_20211128_010000.ogg,BC2026_Train_0568_S01_20211128_010000.ogg,487292,Train,0568,S01,20211128,010000,2021-11-28 01:00:00,2021,11,1,2021-11-28,60.0
train_soundscapes/BC2026_Train_8702_S22_20221227_194500.ogg,BC2026_Train_8702_S22_20221227_194500.ogg,481415,Train,8702,S22,20221227,194500,2022-12-27 19:45:00,2022,12,19,2022-12-27,60.0
train_soundscapes/BC2026_Train_8107_S22_20220908_220000.ogg,BC2026_Train_8107_S22_20220908_220000.ogg,490007,Train,8107,S22,20220908,220000,2022-09-08 22:00:00,2022,9,22,2022-09-08,60.0
train_soundscapes/BC2026_Train_6349_S13_20230331_234500.ogg,BC2026_Train_6349_S13_20230331_234500.ogg,512595,Train,6349,S13,20230331,234500,2023-03-31 23:45:00,2023,3,23,2023-03-31,60.0
train_soundscapes/BC2026_Train_2768_S02_20211030_031500.ogg,BC2026_Train_2768_S02_20211030_031500.ogg,482123,Train,2768,S02,20211030,031500,2021-10-30 03:15:00,2021,10,3,2021-10-30,60.0
train_soundscapes/BC2026_Train_1820_S01_20231105_223000.ogg,BC2026_Train_1820_S01_20231105_223000.ogg,508210,Train,1820,S01,20231105,223000,2023-11-05 22:30:00,2023,11,22,2023-11-05,60.0
train_soundscapes/BC2026_Train_3087_S02_20220121_184500.ogg,BC2026_Train_3087_S02_20220121_184500.ogg,488917,Train,3087,S02,20220121,184500,2022-01-21 18:45:00,2022,1,18,2022-01-21,60.0
train_soundscapes/BC2026_Train_5086_S02_20240421_191500.ogg,BC2026_Train_5086_S02_20240421_191500.ogg,505150,Train,5086,S02,20240421,191500,2024-04-21 19:15:00,2024,4,19,2024-04-21,60.0
train_soundscapes/BC2026_Train_10082_S22_20240228_014500.ogg,BC2026_Train_10082_S22_20240228_014500.ogg,491780,Train,10082,S22,20240228,014500,2024-02-28 01:45:00,2024,2,1,2024-02-28,60.0
train_soundscapes/BC2026_Train_1748_S01_20231021_020000.ogg,BC2026_Train_1748_S01_20231021_020000.ogg,507579,Train,1748,S01,20231021,020000,2023-10-21 02:00:00,2023,10,2,2023-10-21,60.0
train_soundscapes/BC2026_Train_9051_S22_20230304_033000.ogg,BC2026_Train_9051_S22_20230304_033000.ogg,517710,Train,9051,S22,20230304,033000,2023-03-04 03:30:00,2023,3,3,2023-03-04,60.0
train_soundscapes/BC2026_Train_2420_S01_20240317_180000.ogg,BC2026_Train_2420_S01_20240317_180000.ogg,493718,Train,2420,S01,20240317,180000,2024-03-17 18:00:00,2024,3,18,2024-03-17,60.0
train_soundscapes/BC2026_Train_6284_S13_20230307_011500.ogg,BC2026_Train_6284_S13_20230307_011500.ogg,552021,Train,6284,S13,20230307,011500,2023-03-07 01:15:00,2023,3,1,2023-03-07,60.0
train_soundscapes/BC2026_Train_1680_S01_20231007_001500.ogg,BC2026_Train_1680_S01_20231007_001500.ogg,503805,Train,1680,S01,20231007,001500,2023-10-07 00:15:00,2023,10,0,2023-10-07,60.0
train_soundscapes/BC2026_Train_5234_S13_20211027_193000.ogg,BC2026_Train_5234_S13_20211027_193000.ogg,496190,Train,5234,S13,20211027,193000,2021-10-27 19:30:00,2021,10,19,2021-10-27,60.0
train_soundscapes/BC2026_Train_8106_S22_20220908_204500.ogg,BC2026_Train_8106_S22_20220908_204500.ogg,496622,Train,8106,S22,20220908,204500,2022-09-08 20:45:00,2022,9,20,2022-09-08,60.0
train_soundscapes/BC2026_Train_9329_S22_20231016_003000.ogg,BC2026_Train_9329_S22_20231016_003000.ogg,489810,Train,9329,S22,20231016,003000,2023-10-16 00:30:00,2023,10,0,2023-10-16,60.0
train_soundscapes/BC2026_Train_8836_S22_20230124_194500.ogg,BC2026_Train_8836_S22_20230124_194500.ogg,617731,Train,8836,S22,20230124,194500,2023-01-24 19:45:00,2023,1,19,2023-01-24,60.0
train_soundscapes/BC2026_Train_5370_S13_20220227_230000.ogg,BC2026_Train_5370_S13_20220227_230000.ogg,513938,Train,5370,S13,20220227,230000,2022-02-27 23:00:00,2022,2,23,2022-02-27,60.0
train_soundscapes/BC2026_Train_2590_S01_20240426_034500.ogg,BC2026_Train_2590_S01_20240426_034500.ogg,500632,Train,2590,S01,20240426,034500,2024-04-26 03:45:00,2024,4,3,2024-04-26,60.0
train_soundscapes/BC2026_Train_9566_S22_20231129_203000.ogg,BC2026_Train_9566_S22_20231129_203000.ogg,497773,Train,9566,S22,20231129,203000,2023-11-29 20:30:00,2023,11,20,2023-11-29,60.0
train_soundscapes/BC2026_Train_2236_S01_20240204_200000.ogg,BC2026_Train_2236_S01_20240204_200000.ogg,504869,Train,2236,S01,20240204,200000,2024-02-04 20:00:00,2024,2,20,2024-02-04,60.0
train_soundscapes/BC2026_Train_3392_S02_20220405_031500.ogg,BC2026_Train_3392_S02_20220405_031500.ogg,481644,Train,3392,S02,20220405,031500,2022-04-05 03:15:00,2022,4,3,2022-04-05,60.0
train_soundscapes/BC2026_Train_3636_S02_20221010_001500.ogg,BC2026_Train_3636_S02_20221010_001500.ogg,478678,Train,3636,S02,20221010,001500,2022-10-10 00:15:00,2022,10,0,2022-10-10,60.0
train_soundscapes/BC2026_Train_9040_S22_20230228_210000.ogg,BC2026_Train_9040_S22_20230228_210000.ogg,538020,Train,9040,S22,20230228,210000,2023-02-28 21:00:00,2023,2,21,2023-02-28,60.0
train_soundscapes/BC2026_Train_2818_S02_20211111_013000.ogg,BC2026_Train_2818_S02_20211111_013000.ogg,463567,Train,2818,S02,20211111,013000,2021-11-11 01:30:00,2021,11,1,2021-11-11,60.0
train_soundscapes/BC2026_Train_1816_S01_20231104_023000.ogg,BC2026_Train_1816_S01_20231104_023000.ogg,497638,Train,1816,S01,20231104,023000,2023-11-04 02:30:00,2023,11,2,2023-11-04,60.0
train_soundscapes/BC2026_Train_7717_S22_20220123_194500.ogg,BC2026_Train_7717_S22_20220123_194500.ogg,505866,Train,7717,S22,20220123,194500,2022-01-23 19:45:00,2022,1,19,2022-01-23,60.0
train_soundscapes/BC2026_Train_3632_S02_20221008_034500.ogg,BC2026_Train_3632_S02_20221008_034500.ogg,474332,Train,3632,S02,20221008,034500,2022-10-08 03:45:00,2022,10,3,2022-10-08,60.0
train_soundscapes/BC2026_Train_10627_S19_20241214_200000.ogg,BC2026_Train_10627_S19_20241214_200000.ogg,483298,Train,10627,S19,20241214,200000,2024-12-14 20:00:00,2024,12,20,2024-12-14,60.0
train_soundscapes/BC2026_Train_9305_S22_20231012_224500.ogg,BC2026_Train_9305_S22_20231012_224500.ogg,489137,Train,9305,S22,20231012,224500,2023-10-12 22:45:00,2023,10,22,2023-10-12,60.0
train_soundscapes/BC2026_Train_8284_S22_20221010_031500.ogg,BC2026_Train_8284_S22_20221010_031500.ogg,503348,Train,8284,S22,20221010,031500,2022-10-10 03:15:00,2022,10,3,2022-10-10,60.0
train_soundscapes/BC2026_Train_9929_S22_20240203_031500.ogg,BC2026_Train_9929_S22_20240203_031500.ogg,500729,Train,9929,S22,20240203,031500,2024-02-03 03:15:00,2024,2,3,2024-02-03,60.0
train_soundscapes/BC2026_Train_2862_S02_20211121_234500.ogg,BC2026_Train_2862_S02_20211121_234500.ogg,476419,Train,2862,S02,20211121,234500,2021-11-21 23:45:00,2021,11,23,2021-11-21,60.0
train_soundscapes/BC2026_Train_7703_S22_20220120_233000.ogg,BC2026_Train_7703_S22_20220120_233000.ogg,565087,Train,7703,S22,20220120,233000,2022-01-20 23:30:00,2022,1,23,2022-01-20,60.0
train_soundscapes/BC2026_Train_0136_S06_20141212_210500.ogg,BC2026_Train_0136_S06_20141212_210500.ogg,485538,Train,0136,S06,20141212,210500,2014-12-12 21:05:00,2014,12,21,2014-12-12,60.0
train_soundscapes/BC2026_Train_1664_S01_20231003_231500.ogg,BC2026_Train_1664_S01_20231003_231500.ogg,531500,Train,1664,S01,20231003,231500,2023-10-03 23:15:00,2023,10,23,2023-10-03,60.0
train_soundscapes/BC2026_Train_3131_S02_20220201_013000.ogg,BC2026_Train_3131_S02_20220201_013000.ogg,473508,Train,3131,S02,20220201,013000,2022-02-01 01:30:00,2022,2,1,2022-02-01,60.0
train_soundscapes/BC2026_Train_0377_S01_20211011_023000.ogg,BC2026_Train_0377_S01_20211011_023000.ogg,469885,Train,0377,S01,20211011,023000,2021-10-11 02:30:00,2021,10,2,2021-10-11,60.0
train_soundscapes/BC2026_Train_6362_S13_20230403_220000.ogg,BC2026_Train_6362_S13_20230403_220000.ogg,526724,Train,6362,S13,20230403,220000,2023-04-03 22:00:00,2023,4,22,2023-04-03,60.0
train_soundscapes/BC2026_Train_10196_S22_20240317_183000.ogg,BC2026_Train_10196_S22_20240317_183000.ogg,495233,Train,10196,S22,20240317,183000,2024-03-17 18:30:00,2024,3,18,2024-03-17,60.0
train_soundscapes/BC2026_Train_1392_S01_20230406_224500.ogg,BC2026_Train_1392_S01_20230406_224500.ogg,521987,Train,1392,S01,20230406,224500,2023-04-06 22:45:00,2023,4,22,2023-04-06,60.0
train_soundscapes/BC2026_Train_2707_S02_20211012_203000.ogg,BC2026_Train_2707_S02_20211012_203000.ogg,484203,Train,2707,S02,20211012,203000,2021-10-12 20:30:00,2021,10,20,2021-10-12,60.0
train_soundscapes/BC2026_Train_1960_S01_20231204_020000.ogg,BC2026_Train_1960_S01_20231204_020000.ogg,506455,Train,1960,S01,20231204,020000,2023-12-04 02:00:00,2023,12,2,2023-12-04,60.0
train_soundscapes/BC2026_Train_1038_S01_20230123_030000.ogg,BC2026_Train_1038_S01_20230123_030000.ogg,506557,Train,1038,S01,20230123,030000,2023-01-23 03:00:00,2023,1,3,2023-01-23,60.0
train_soundscapes/BC2026_Train_0102_S06_20140508_210900.ogg,BC2026_Train_0102_S06_20140508_210900.ogg,468112,Train,0102,S06,20140508,210900,2014-05-08 21:09:00,2014,5,21,2014-05-08,60.0
train_soundscapes/BC2026_Train_4696_S02_20240115_020000.ogg,BC2026_Train_4696_S02_20240115_020000.ogg,484644,Train,4696,S02,20240115,020000,2024-01-15 02:00:00,2024,1,2,2024-01-15,60.0
train_soundscapes/BC2026_Train_5891_S13_20221122_013000.ogg,BC2026_Train_5891_S13_20221122_013000.ogg,518119,Train,5891,S13,20221122,013000,2022-11-22 01:30:00,2022,11,1,2022-11-22,60.0
train_soundscapes/BC2026_Train_2344_S01_20240229_213000.ogg,BC2026_Train_2344_S01_20240229_213000.ogg,504003,Train,2344,S01,20240229,213000,2024-02-29 21:30:00,2024,2,21,2024-02-29,60.0
train_soundscapes/BC2026_Train_10393_S22_20240414_033000.ogg,BC2026_Train_10393_S22_20240414_033000.ogg,496570,Train,10393,S22,20240414,033000,2024-04-14 03:30:00,2024,4,3,2024-04-14,60.0
train_soundscapes/BC2026_Train_5244_S13_20211030_203000.ogg,BC2026_Train_5244_S13_20211030_203000.ogg,489766,Train,5244,S13,20211030,203000,2021-10-30 20:30:00,2021,10,20,2021-10-30,60.0
train_soundscapes/BC2026_Train_0156_S07_20140111_220200.ogg,BC2026_Train_0156_S07_20140111_220200.ogg,477320,Train,0156,S07,20140111,220200,2014-01-11 22:02:00,2014,1,22,2014-01-11,60.0
train_soundscapes/BC2026_Train_9921_S22_20240202_034500.ogg,BC2026_Train_9921_S22_20240202_034500.ogg,488756,Train,9921,S22,20240202,034500,2024-02-02 03:45:00,2024,2,3,2024-02-02,60.0
train_soundscapes/BC2026_Train_1569_S01_20230915_033000.ogg,BC2026_Train_1569_S01_20230915_033000.ogg,489195,Train,1569,S01,20230915,033000,2023-09-15 03:30:00,2023,9,3,2023-09-15,60.0
train_soundscapes/BC2026_Train_3092_S02_20220122_004500.ogg,BC2026_Train_3092_S02_20220122_004500.ogg,472820,Train,3092,S02,20220122,004500,2022-01-22 00:45:00,2022,1,0,2022-01-22,60.0
train_soundscapes/BC2026_Train_1906_S01_20231122_230000.ogg,BC2026_Train_1906_S01_20231122_230000.ogg,495607,Train,1906,S01,20231122,230000,2023-11-22 23:00:00,2023,11,23,2023-11-22,60.0
train_soundscapes/BC2026_Train_2026_S01_20231217_033000.ogg,BC2026_Train_2026_S01_20231217_033000.ogg,500823,Train,2026,S01,20231217,033000,2023-12-17 03:30:00,2023,12,3,2023-12-17,60.0
train_soundscapes/BC2026_Train_5390_S13_20220306_233000.ogg,BC2026_Train_5390_S13_20220306_233000.ogg,543815,Train,5390,S13,20220306,233000,2022-03-06 23:30:00,2022,3,23,2022-03-06,60.0
train_soundscapes/BC2026_Train_7788_S22_20220203_023000.ogg,BC2026_Train_7788_S22_20220203_023000.ogg,511589,Train,7788,S22,20220203,023000,2022-02-03 02:30:00,2022,2,2,2022-02-03,60.0
train_soundscapes/BC2026_Train_3733_S02_20221102_024500.ogg,BC2026_Train_3733_S02_20221102_024500.ogg,459893,Train,3733,S02,20221102,024500,2022-11-02 02:45:00,2022,11,2,2022-11-02,60.0
train_soundscapes/BC2026_Train_5744_S13_20221010_191500.ogg,BC2026_Train_5744_S13_20221010_191500.ogg,647876,Train,5744,S13,20221010,191500,2022-10-10 19:15:00,2022,10,19,2022-10-10,60.0
train_soundscapes/BC2026_Train_8156_S22_20220918_024500.ogg,BC2026_Train_8156_S22_20220918_024500.ogg,484127,Train,8156,S22,20220918,024500,2022-09-18 02:45:00,2022,9,2,2022-09-18,60.0
train_soundscapes/BC2026_Train_8604_S22_20221208_230000.ogg,BC2026_Train_8604_S22_20221208_230000.ogg,505792,Train,8604,S22,20221208,230000,2022-12-08 23:00:00,2022,12,23,2022-12-08,60.0
train_soundscapes/BC2026_Train_0797_S01_20220118_213000.ogg,BC2026_Train_0797_S01_20220118_213000.ogg,484977,Train,0797,S01,20220118,213000,2022-01-18 21:30:00,2022,1,21,2022-01-18,60.0
train_soundscapes/BC2026_Train_10332_S22_20240406_003000.ogg,BC2026_Train_10332_S22_20240406_003000.ogg,497765,Train,10332,S22,20240406,003000,2024-04-06 00:30:00,2024,4,0,2024-04-06,60.0
train_soundscapes/BC2026_Train_1488_S01_20230426_034500.ogg,BC2026_Train_1488_S01_20230426_034500.ogg,514471,Train,1488,S01,20230426,034500,2023-04-26 03:45:00,2023,4,3,2023-04-26,60.0
train_soundscapes/BC2026_Train_0619_S01_20211210_204500.ogg,BC2026_Train_0619_S01_20211210_204500.ogg,497740,Train,0619,S01,20211210,204500,2021-12-10 20:45:00,2021,12,20,2021-12-10,60.0
train_soundscapes/BC2026_Train_5397_S13_20220308_033000.ogg,BC2026_Train_5397_S13_20220308_033000.ogg,509575,Train,5397,S13,20220308,033000,2022-03-08 03:30:00,2022,3,3,2022-03-08,60.0
train_soundscapes/BC2026_Train_1205_S01_20230227_024500.ogg,BC2026_Train_1205_S01_20230227_024500.ogg,522744,Train,1205,S01,20230227,024500,2023-02-27 02:45:00,2023,2,2,2023-02-27,60.0
train_soundscapes/BC2026_Train_10398_S12_20211107_014500.ogg,BC2026_Train_10398_S12_20211107_014500.ogg,476664,Train,10398,S12,20211107,014500,2021-11-07 01:45:00,2021,11,1,2021-11-07,60.0
train_soundscapes/BC2026_Train_2813_S02_20211110_183000.ogg,BC2026_Train_2813_S02_20211110_183000.ogg,494221,Train,2813,S02,20211110,183000,2021-11-10 18:30:00,2021,11,18,2021-11-10,60.0
train_soundscapes/BC2026_Train_0153_S07_20140107_211400.ogg,BC2026_Train_0153_S07_20140107_211400.ogg,506231,Train,0153,S07,20140107,211400,2014-01-07 21:14:00,2014,1,21,2014-01-07,60.0
train_soundscapes/BC2026_Train_5643_S13_20220911_191500.ogg,BC2026_Train_5643_S13_20220911_191500.ogg,564589,Train,5643,S13,20220911,191500,2022-09-11 19:15:00,2022,9,19,2022-09-11,60.0
train_soundscapes/BC2026_Train_5304_S13_20211117_040000.ogg,BC2026_Train_5304_S13_20211117_040000.ogg,476790,Train,5304,S13,20211117,040000,2021-11-17 04:00:00,2021,11,4,2021-11-17,60.0
train_soundscapes/BC2026_Train_0901_S01_20220209_003000.ogg,BC2026_Train_0901_S01_20220209_003000.ogg,472282,Train,0901,S01,20220209,003000,2022-02-09 00:30:00,2022,2,0,2022-02-09,60.0
train_soundscapes/BC2026_Train_7624_S22_20220104_030000.ogg,BC2026_Train_7624_S22_20220104_030000.ogg,510939,Train,7624,S22,20220104,030000,2022-01-04 03:00:00,2022,1,3,2022-01-04,60.0
train_soundscapes/BC2026_Train_6253_S13_20230224_013000.ogg,BC2026_Train_6253_S13_20230224_013000.ogg,532897,Train,6253,S13,20230224,013000,2023-02-24 01:30:00,2023,2,1,2023-02-24,60.0
train_soundscapes/BC2026_Train_3304_S02_20220313_220000.ogg,BC2026_Train_3304_S02_20220313_220000.ogg,476166,Train,3304,S02,20220313,220000,2022-03-13 22:00:00,2022,3,22,2022-03-13,60.0
train_soundscapes/BC2026_Train_6514_S13_20230919_213000.ogg,BC2026_Train_6514_S13_20230919_213000.ogg,498898,Train,6514,S13,20230919,213000,2023-09-19 21:30:00,2023,9,21,2023-09-19,60.0
train_soundscapes/BC2026_Train_4650_S02_20240103_200000.ogg,BC2026_Train_4650_S02_20240103_200000.ogg,499482,Train,4650,S02,20240103,200000,2024-01-03 20:00:00,2024,1,20,2024-01-03,60.0
train_soundscapes/BC2026_Train_0931_S01_20220215_013000.ogg,BC2026_Train_0931_S01_20220215_013000.ogg,481031,Train,0931,S01,20220215,013000,2022-02-15 01:30:00,2022,2,1,2022-02-15,60.0
train_soundscapes/BC2026_Train_5953_S13_20221206_191500.ogg,BC2026_Train_5953_S13_20221206_191500.ogg,559317,Train,5953,S13,20221206,191500,2022-12-06 19:15:00,2022,12,19,2022-12-06,60.0
train_soundscapes/BC2026_Train_8395_S22_20221101_184500.ogg,BC2026_Train_8395_S22_20221101_184500.ogg,483822,Train,8395,S22,20221101,184500,2022-11-01 18:45:00,2022,11,18,2022-11-01,60.0
train_soundscapes/BC2026_Train_5412_S13_20220312_040000.ogg,BC2026_Train_5412_S13_20220312_040000.ogg,484224,Train,5412,S13,20220312,040000,2022-03-12 04:00:00,2022,3,4,2022-03-12,60.0
train_soundscapes/BC2026_Train_8059_S22_20220429_001500.ogg,BC2026_Train_8059_S22_20220429_001500.ogg,471931,Train,8059,S22,20220429,001500,2022-04-29 00:15:00,2022,4,0,2022-04-29,60.0
train_soundscapes/BC2026_Train_1409_S01_20230409_234500.ogg,BC2026_Train_1409_S01_20230409_234500.ogg,530983,Train,1409,S01,20230409,234500,2023-04-09 23:45:00,2023,4,23,2023-04-09,60.0
train_soundscapes/BC2026_Train_5267_S13_20211104_033000.ogg,BC2026_Train_5267_S13_20211104_033000.ogg,472892,Train,5267,S13,20211104,033000,2021-11-04 03:30:00,2021,11,3,2021-11-04,60.0
train_soundscapes/BC2026_Train_3691_S02_20221022_204500.ogg,BC2026_Train_3691_S02_20221022_204500.ogg,476197,Train,3691,S02,20221022,204500,2022-10-22 20:45:00,2022,10,20,2022-10-22,60.0
train_soundscapes/BC2026_Train_5484_S13_20220330_024500.ogg,BC2026_Train_5484_S13_20220330_024500.ogg,484103,Train,5484,S13,20220330,024500,2022-03-30 02:45:00,2022,3,2,2022-03-30,60.0
train_soundscapes/BC2026_Train_7166_S22_20211012_023000.ogg,BC2026_Train_7166_S22_20211012_023000.ogg,476468,Train,7166,S22,20211012,023000,2021-10-12 02:30:00,2021,10,2,2021-10-12,60.0
train_soundscapes/BC2026_Train_5862_S13_20221112_031500.ogg,BC2026_Train_5862_S13_20221112_031500.ogg,505568,Train,5862,S13,20221112,031500,2022-11-12 03:15:00,2022,11,3,2022-11-12,60.0
train_soundscapes/BC2026_Train_10042_S22_20240222_211500.ogg,BC2026_Train_10042_S22_20240222_211500.ogg,604743,Train,10042,S22,20240222,211500,2024-02-22 21:15:00,2024,2,21,2024-02-22,60.0
train_soundscapes/BC2026_Train_4852_S02_20240220_234500.ogg,BC2026_Train_4852_S02_20240220_234500.ogg,498194,Train,4852,S02,20240220,234500,2024-02-20 23:45:00,2024,2,23,2024-02-20,60.0
train_soundscapes/BC2026_Train_6438_S13_20230427_180000.ogg,BC2026_Train_6438_S13_20230427_180000.ogg,514329,Train,6438,S13,20230427,180000,2023-04-27 18:00:00,2023,4,18,2023-04-27,60.0
train_soundscapes/BC2026_Train_1168_S01_20230218_221500.ogg,BC2026_Train_1168_S01_20230218_221500.ogg,620202,Train,1168,S01,20230218,221500,2023-02-18 22:15:00,2023,2,22,2023-02-18,60.0
train_soundscapes/BC2026_Train_10595_S19_20241215_193000.ogg,BC2026_Train_10595_S19_20241215_193000.ogg,478824,Train,10595,S19,20241215,193000,2024-12-15 19:30:00,2024,12,19,2024-12-15,60.0
train_soundscapes/BC2026_Train_1730_S01_20231017_184500.ogg,BC2026_Train_1730_S01_20231017_184500.ogg,499767,Train,1730,S01,20231017,184500,2023-10-17 18:45:00,2023,10,18,2023-10-17,60.0
train_soundscapes/BC2026_Train_4895_S02_20240304_011500.ogg,BC2026_Train_4895_S02_20240304_011500.ogg,495619,Train,4895,S02,20240304,011500,2024-03-04 01:15:00,2024,3,1,2024-03-04,60.0
train_soundscapes/BC2026_Train_8426_S22_20221106_220000.ogg,BC2026_Train_8426_S22_20221106_220000.ogg,484873,Train,8426,S22,20221106,220000,2022-11-06 22:00:00,2022,11,22,2022-11-06,60.0
train_soundscapes/BC2026_Train_8194_S22_20220923_191500.ogg,BC2026_Train_8194_S22_20220923_191500.ogg,480223,Train,8194,S22,20220923,191500,2022-09-23 19:15:00,2022,9,19,2022-09-23,60.0
train_soundscapes/BC2026_Train_9731_S22_20231229_223000.ogg,BC2026_Train_9731_S22_20231229_223000.ogg,479795,Train,9731,S22,20231229,223000,2023-12-29 22:30:00,2023,12,22,2023-12-29,60.0
train_soundscapes/BC2026_Train_10374_S22_20240412_040000.ogg,BC2026_Train_10374_S22_20240412_040000.ogg,589496,Train,10374,S22,20240412,040000,2024-04-12 04:00:00,2024,4,4,2024-04-12,60.0
train_soundscapes/BC2026_Train_3552_S02_20220918_023000.ogg,BC2026_Train_3552_S02_20220918_023000.ogg,473189,Train,3552,S02,20220918,023000,2022-09-18 02:30:00,2022,9,2,2022-09-18,60.0
train_soundscapes/BC2026_Train_3037_S02_20220106_221500.ogg,BC2026_Train_3037_S02_20220106_221500.ogg,477703,Train,3037,S02,20220106,221500,2022-01-06 22:15:00,2022,1,22,2022-01-06,60.0
train_soundscapes/BC2026_Train_10447_S14_20250903_063100.ogg,BC2026_Train_10447_S14_20250903_063100.ogg,455107,Train,10447,S14,20250903,063100,2025-09-03 06:31:00,2025,9,6,2025-09-03,60.0
train_soundscapes/BC2026_Train_5182_S13_20211012_191500.ogg,BC2026_Train_5182_S13_20211012_191500.ogg,482972,Train,5182,S13,20211012,191500,2021-10-12 19:15:00,2021,10,19,2021-10-12,60.0
train_soundscapes/BC2026_Train_3644_S02_20221011_180000.ogg,BC2026_Train_3644_S02_20221011_180000.ogg,478327,Train,3644,S02,20221011,180000,2022-10-11 18:00:00,2022,10,18,2022-10-11,60.0
train_soundscapes/BC2026_Train_2155_S01_20240117_033000.ogg,BC2026_Train_2155_S01_20240117_033000.ogg,507856,Train,2155,S01,20240117,033000,2024-01-17 03:30:00,2024,1,3,2024-01-17,60.0
train_soundscapes/BC2026_Train_4744_S02_20240127_004500.ogg,BC2026_Train_4744_S02_20240127_004500.ogg,490548,Train,4744,S02,20240127,004500,2024-01-27 00:45:00,2024,1,0,2024-01-27,60.0
train_soundscapes/BC2026_Train_3340_S02_20220323_184500.ogg,BC2026_Train_3340_S02_20220323_184500.ogg,473487,Train,3340,S02,20220323,184500,2022-03-23 18:45:00,2022,3,18,2022-03-23,60.0
train_soundscapes/BC2026_Train_4684_S02_20240110_204500.ogg,BC2026_Train_4684_S02_20240110_204500.ogg,484288,Train,4684,S02,20240110,204500,2024-01-10 20:45:00,2024,1,20,2024-01-10,60.0
train_soundscapes/BC2026_Train_8079_S22_20220902_040000.ogg,BC2026_Train_8079_S22_20220902_040000.ogg,482313,Train,8079,S22,20220902,040000,2022-09-02 04:00:00,2022,9,4,2022-09-02,60.0
train_soundscapes/BC2026_Train_10230_S22_20240322_033000.ogg,BC2026_Train_10230_S22_20240322_033000.ogg,501351,Train,10230,S22,20240322,033000,2024-03-22 03:30:00,2024,3,3,2024-03-22,60.0
train_soundscapes/BC2026_Train_9252_S22_20231004_221500.ogg,BC2026_Train_9252_S22_20231004_221500.ogg,495841,Train,9252,S22,20231004,221500,2023-10-04 22:15:00,2023,10,22,2023-10-04,60.0
train_soundscapes/BC2026_Train_7070_S22_20210921_221500.ogg,BC2026_Train_7070_S22_20210921_221500.ogg,461271,Train,7070,S22,20210921,221500,2021-09-21 22:15:00,2021,9,22,2021-09-21,60.0
train_soundscapes/BC2026_Train_0490_S01_20211111_184500.ogg,BC2026_Train_0490_S01_20211111_184500.ogg,474210,Train,0490,S01,20211111,184500,2021-11-11 18:45:00,2021,11,18,2021-11-11,60.0
train_soundscapes/BC2026_Train_6424_S13_20230422_221500.ogg,BC2026_Train_6424_S13_20230422_221500.ogg,513445,Train,6424,S13,20230422,221500,2023-04-22 22:15:00,2023,4,22,2023-04-22,60.0
train_soundscapes/BC2026_Train_10141_S22_20240308_230000.ogg,BC2026_Train_10141_S22_20240308_230000.ogg,502380,Train,10141,S22,20240308,230000,2024-03-08 23:00:00,2024,3,23,2024-03-08,60.0
train_soundscapes/BC2026_Train_7080_S22_20210924_001500.ogg,BC2026_Train_7080_S22_20210924_001500.ogg,467354,Train,7080,S22,20210924,001500,2021-09-24 00:15:00,2021,9,0,2021-09-24,60.0
train_soundscapes/BC2026_Train_4005_S02_20230116_201500.ogg,BC2026_Train_4005_S02_20230116_201500.ogg,506895,Train,4005,S02,20230116,201500,2023-01-16 20:15:00,2023,1,20,2023-01-16,60.0
train_soundscapes/BC2026_Train_2986_S02_20211226_234500.ogg,BC2026_Train_2986_S02_20211226_234500.ogg,485231,Train,2986,S02,20211226,234500,2021-12-26 23:45:00,2021,12,23,2021-12-26,60.0
train_soundscapes/BC2026_Train_7253_S22_20211027_233000.ogg,BC2026_Train_7253_S22_20211027_233000.ogg,490648,Train,7253,S22,20211027,233000,2021-10-27 23:30:00,2021,10,23,2021-10-27,60.0
train_soundscapes/BC2026_Train_7357_S22_20211116_034500.ogg,BC2026_Train_7357_S22_20211116_034500.ogg,485146,Train,7357,S22,20211116,034500,2021-11-16 03:45:00,2021,11,3,2021-11-16,60.0
train_soundscapes/BC2026_Train_9576_S22_20231130_224500.ogg,BC2026_Train_9576_S22_20231130_224500.ogg,488156,Train,9576,S22,20231130,224500,2023-11-30 22:45:00,2023,11,22,2023-11-30,60.0
train_soundscapes/BC2026_Train_2612_S01_20240429_211500.ogg,BC2026_Train_2612_S01_20240429_211500.ogg,512003,Train,2612,S01,20240429,211500,2024-04-29 21:15:00,2024,4,21,2024-04-29,60.0
train_soundscapes/BC2026_Train_5740_S13_20221008_230000.ogg,BC2026_Train_5740_S13_20221008_230000.ogg,535995,Train,5740,S13,20221008,230000,2022-10-08 23:00:00,2022,10,23,2022-10-08,60.0
train_soundscapes/BC2026_Train_6908_S13_20240113_201500.ogg,BC2026_Train_6908_S13_20240113_201500.ogg,524500,Train,6908,S13,20240113,201500,2024-01-13 20:15:00,2024,1,20,2024-01-13,60.0
train_soundscapes/BC2026_Train_0871_S01_20220203_194500.ogg,BC2026_Train_0871_S01_20220203_194500.ogg,497890,Train,0871,S01,20220203,194500,2022-02-03 19:45:00,2022,2,19,2022-02-03,60.0
train_soundscapes/BC2026_Train_10450_S14_20250903_063400.ogg,BC2026_Train_10450_S14_20250903_063400.ogg,449793,Train,10450,S14,20250903,063400,2025-09-03 06:34:00,2025,9,6,2025-09-03,60.0
train_soundscapes/BC2026_Train_6526_S13_20230924_014500.ogg,BC2026_Train_6526_S13_20230924_014500.ogg,525200,Train,6526,S13,20230924,014500,2023-09-24 01:45:00,2023,9,1,2023-09-24,60.0
train_soundscapes/BC2026_Train_9004_S22_20230221_221500.ogg,BC2026_Train_9004_S22_20230221_221500.ogg,514421,Train,9004,S22,20230221,221500,2023-02-21 22:15:00,2023,2,22,2023-02-21,60.0
train_soundscapes/BC2026_Train_6508_S13_20230918_034500.ogg,BC2026_Train_6508_S13_20230918_034500.ogg,506055,Train,6508,S13,20230918,034500,2023-09-18 03:45:00,2023,9,3,2023-09-18,60.0
train_soundscapes/BC2026_Train_8110_S22_20220909_224500.ogg,BC2026_Train_8110_S22_20220909_224500.ogg,503686,Train,8110,S22,20220909,224500,2022-09-09 22:45:00,2022,9,22,2022-09-09,60.0
train_soundscapes/BC2026_Train_5301_S13_20211116_230000.ogg,BC2026_Train_5301_S13_20211116_230000.ogg,491478,Train,5301,S13,20211116,230000,2021-11-16 23:00:00,2021,11,23,2021-11-16,60.0
train_soundscapes/BC2026_Train_9636_S22_20231211_180000.ogg,BC2026_Train_9636_S22_20231211_180000.ogg,488951,Train,9636,S22,20231211,180000,2023-12-11 18:00:00,2023,12,18,2023-12-11,60.0
train_soundscapes/BC2026_Train_0208_S10_20251128_103307.ogg,BC2026_Train_0208_S10_20251128_103307.ogg,456140,Train,0208,S10,20251128,103307,2025-11-28 10:33:07,2025,11,10,2025-11-28,60.0
train_soundscapes/BC2026_Train_1315_S01_20230320_040000.ogg,BC2026_Train_1315_S01_20230320_040000.ogg,508605,Train,1315,S01,20230320,040000,2023-03-20 04:00:00,2023,3,4,2023-03-20,60.0
train_soundscapes/BC2026_Train_0852_S01_20220131_013000.ogg,BC2026_Train_0852_S01_20220131_013000.ogg,489748,Train,0852,S01,20220131,013000,2022-01-31 01:30:00,2022,1,1,2022-01-31,60.0
train_soundscapes/BC2026_Train_5263_S13_20211103_181500.ogg,BC2026_Train_5263_S13_20211103_181500.ogg,491612,Train,5263,S13,20211103,181500,2021-11-03 18:15:00,2021,11,18,2021-11-03,60.0
train_soundscapes/BC2026_Train_9443_S22_20231107_001500.ogg,BC2026_Train_9443_S22_20231107_001500.ogg,507034,Train,9443,S22,20231107,001500,2023-11-07 00:15:00,2023,11,0,2023-11-07,60.0
train_soundscapes/BC2026_Train_1426_S01_20230413_191500.ogg,BC2026_Train_1426_S01_20230413_191500.ogg,526360,Train,1426,S01,20230413,191500,2023-04-13 19:15:00,2023,4,19,2023-04-13,60.0
train_soundscapes/BC2026_Train_3402_S02_20220408_200000.ogg,BC2026_Train_3402_S02_20220408_200000.ogg,478608,Train,3402,S02,20220408,200000,2022-04-08 20:00:00,2022,4,20,2022-04-08,60.0
train_soundscapes/BC2026_Train_3912_S02_20221218_203000.ogg,BC2026_Train_3912_S02_20221218_203000.ogg,492954,Train,3912,S02,20221218,203000,2022-12-18 20:30:00,2022,12,20,2022-12-18,60.0
train_soundscapes/BC2026_Train_4072_S02_20230207_211500.ogg,BC2026_Train_4072_S02_20230207_211500.ogg,517268,Train,4072,S02,20230207,211500,2023-02-07 21:15:00,2023,2,21,2023-02-07,60.0
train_soundscapes/BC2026_Train_5812_S13_20221028_214500.ogg,BC2026_Train_5812_S13_20221028_214500.ogg,512236,Train,5812,S13,20221028,214500,2022-10-28 21:45:00,2022,10,21,2022-10-28,60.0
train_soundscapes/BC2026_Train_7715_S22_20220123_030000.ogg,BC2026_Train_7715_S22_20220123_030000.ogg,501192,Train,7715,S22,20220123,030000,2022-01-23 03:00:00,2022,1,3,2022-01-23,60.0
train_soundscapes/BC2026_Train_7171_S22_20211013_031500.ogg,BC2026_Train_7171_S22_20211013_031500.ogg,490678,Train,7171,S22,20211013,031500,2021-10-13 03:15:00,2021,10,3,2021-10-13,60.0
train_soundscapes/BC2026_Train_5606_S13_20220902_010000.ogg,BC2026_Train_5606_S13_20220902_010000.ogg,506068,Train,5606,S13,20220902,010000,2022-09-02 01:00:00,2022,9,1,2022-09-02,60.0
train_soundscapes/BC2026_Train_6472_S13_20230906_010000.ogg,BC2026_Train_6472_S13_20230906_010000.ogg,501127,Train,6472,S13,20230906,010000,2023-09-06 01:00:00,2023,9,1,2023-09-06,60.0
train_soundscapes/BC2026_Train_7154_S22_20211009_201500.ogg,BC2026_Train_7154_S22_20211009_201500.ogg,481584,Train,7154,S22,20211009,201500,2021-10-09 20:15:00,2021,10,20,2021-10-09,60.0
train_soundscapes/BC2026_Train_6268_S13_20230302_184500.ogg,BC2026_Train_6268_S13_20230302_184500.ogg,542463,Train,6268,S13,20230302,184500,2023-03-02 18:45:00,2023,3,18,2023-03-02,60.0
train_soundscapes/BC2026_Train_2279_S01_20240215_030000.ogg,BC2026_Train_2279_S01_20240215_030000.ogg,510280,Train,2279,S01,20240215,030000,2024-02-15 03:00:00,2024,2,3,2024-02-15,60.0
train_soundscapes/BC2026_Train_5666_S13_20220918_001500.ogg,BC2026_Train_5666_S13_20220918_001500.ogg,497999,Train,5666,S13,20220918,001500,2022-09-18 00:15:00,2022,9,0,2022-09-18,60.0
train_soundscapes/BC2026_Train_4920_S02_20240314_031500.ogg,BC2026_Train_4920_S02_20240314_031500.ogg,495521,Train,4920,S02,20240314,031500,2024-03-14 03:15:00,2024,3,3,2024-03-14,60.0
train_soundscapes/BC2026_Train_9345_S22_20231019_223000.ogg,BC2026_Train_9345_S22_20231019_223000.ogg,494858,Train,9345,S22,20231019,223000,2023-10-19 22:30:00,2023,10,22,2023-10-19,60.0
train_soundscapes/BC2026_Train_0593_S01_20211204_003000.ogg,BC2026_Train_0593_S01_20211204_003000.ogg,490875,Train,0593,S01,20211204,003000,2021-12-04 00:30:00,2021,12,0,2021-12-04,60.0
train_soundscapes/BC2026_Train_9670_S22_20231217_190000.ogg,BC2026_Train_9670_S22_20231217_190000.ogg,480311,Train,9670,S22,20231217,190000,2023-12-17 19:00:00,2023,12,19,2023-12-17,60.0
train_soundscapes/BC2026_Train_5896_S13_20221122_194500.ogg,BC2026_Train_5896_S13_20221122_194500.ogg,622864,Train,5896,S13,20221122,194500,2022-11-22 19:45:00,2022,11,19,2022-11-22,60.0
train_soundscapes/BC2026_Train_0777_S01_20220113_004500.ogg,BC2026_Train_0777_S01_20220113_004500.ogg,488550,Train,0777,S01,20220113,004500,2022-01-13 00:45:00,2022,1,0,2022-01-13,60.0
train_soundscapes/BC2026_Train_5393_S13_20220307_233000.ogg,BC2026_Train_5393_S13_20220307_233000.ogg,516366,Train,5393,S13,20220307,233000,2022-03-07 23:30:00,2022,3,23,2022-03-07,60.0
train_soundscapes/BC2026_Train_9289_S22_20231010_194500.ogg,BC2026_Train_9289_S22_20231010_194500.ogg,509323,Train,9289,S22,20231010,194500,2023-10-10 19:45:00,2023,10,19,2023-10-10,60.0
train_soundscapes/BC2026_Train_8993_S22_20230220_184500.ogg,BC2026_Train_8993_S22_20230220_184500.ogg,559768,Train,8993,S22,20230220,184500,2023-02-20 18:45:00,2023,2,18,2023-02-20,60.0
train_soundscapes/BC2026_Train_1344_S01_20230326_003000.ogg,BC2026_Train_1344_S01_20230326_003000.ogg,515008,Train,1344,S01,20230326,003000,2023-03-26 00:30:00,2023,3,0,2023-03-26,60.0
train_soundscapes/BC2026_Train_1196_S01_20230224_230000.ogg,BC2026_Train_1196_S01_20230224_230000.ogg,520761,Train,1196,S01,20230224,230000,2023-02-24 23:00:00,2023,2,23,2023-02-24,60.0
train_soundscapes/BC2026_Train_5305_S13_20211117_181500.ogg,BC2026_Train_5305_S13_20211117_181500.ogg,488982,Train,5305,S13,20211117,181500,2021-11-17 18:15:00,2021,11,18,2021-11-17,60.0
train_soundscapes/BC2026_Train_2341_S01_20240229_201500.ogg,BC2026_Train_2341_S01_20240229_201500.ogg,510249,Train,2341,S01,20240229,201500,2024-02-29 20:15:00,2024,2,20,2024-02-29,60.0
train_soundscapes/BC2026_Train_8664_S22_20221221_023000.ogg,BC2026_Train_8664_S22_20221221_023000.ogg,512247,Train,8664,S22,20221221,023000,2022-12-21 02:30:00,2022,12,2,2022-12-21,60.0
train_soundscapes/BC2026_Train_9673_S22_20231218_031500.ogg,BC2026_Train_9673_S22_20231218_031500.ogg,484033,Train,9673,S22,20231218,031500,2023-12-18 03:15:00,2023,12,3,2023-12-18,60.0
train_soundscapes/BC2026_Train_6466_S13_20230904_040000.ogg,BC2026_Train_6466_S13_20230904_040000.ogg,516679,Train,6466,S13,20230904,040000,2023-09-04 04:00:00,2023,9,4,2023-09-04,60.0
train_soundscapes/BC2026_Train_2363_S01_20240303_214500.ogg,BC2026_Train_2363_S01_20240303_214500.ogg,509868,Train,2363,S01,20240303,214500,2024-03-03 21:45:00,2024,3,21,2024-03-03,60.0
train_soundscapes/BC2026_Train_5178_S13_20211011_231500.ogg,BC2026_Train_5178_S13_20211011_231500.ogg,486691,Train,5178,S13,20211011,231500,2021-10-11 23:15:00,2021,10,23,2021-10-11,60.0
train_soundscapes/BC2026_Train_0883_S01_20220205_221500.ogg,BC2026_Train_0883_S01_20220205_221500.ogg,519244,Train,0883,S01,20220205,221500,2022-02-05 22:15:00,2022,2,22,2022-02-05,60.0
train_soundscapes/BC2026_Train_6976_S13_20240131_034500.ogg,BC2026_Train_6976_S13_20240131_034500.ogg,526139,Train,6976,S13,20240131,034500,2024-01-31 03:45:00,2024,1,3,2024-01-31,60.0
train_soundscapes/BC2026_Train_0587_S01_20211201_234500.ogg,BC2026_Train_0587_S01_20211201_234500.ogg,489867,Train,0587,S01,20211201,234500,2021-12-01 23:45:00,2021,12,23,2021-12-01,60.0
train_soundscapes/BC2026_Train_7716_S22_20220123_193000.ogg,BC2026_Train_7716_S22_20220123_193000.ogg,488799,Train,7716,S22,20220123,193000,2022-01-23 19:30:00,2022,1,19,2022-01-23,60.0
train_soundscapes/BC2026_Train_6992_S13_20240204_231500.ogg,BC2026_Train_6992_S13_20240204_231500.ogg,518185,Train,6992,S13,20240204,231500,2024-02-04 23:15:00,2024,2,23,2024-02-04,60.0
train_soundscapes/BC2026_Train_8725_S22_20230101_020000.ogg,BC2026_Train_8725_S22_20230101_020000.ogg,527017,Train,8725,S22,20230101,020000,2023-01-01 02:00:00,2023,1,2,2023-01-01,60.0
train_soundscapes/BC2026_Train_4748_S02_20240127_020000.ogg,BC2026_Train_4748_S02_20240127_020000.ogg,494084,Train,4748,S02,20240127,020000,2024-01-27 02:00:00,2024,1,2,2024-01-27,60.0
train_soundscapes/BC2026_Train_0706_S01_20211228_031500.ogg,BC2026_Train_0706_S01_20211228_031500.ogg,482969,Train,0706,S01,20211228,031500,2021-12-28 03:15:00,2021,12,3,2021-12-28,60.0
train_soundscapes/BC2026_Train_8305_S22_20221013_204500.ogg,BC2026_Train_8305_S22_20221013_204500.ogg,625889,Train,8305,S22,20221013,204500,2022-10-13 20:45:00,2022,10,20,2022-10-13,60.0
train_soundscapes/BC2026_Train_2061_S01_20231225_033000.ogg,BC2026_Train_2061_S01_20231225_033000.ogg,493922,Train,2061,S01,20231225,033000,2023-12-25 03:30:00,2023,12,3,2023-12-25,60.0
train_soundscapes/BC2026_Train_0561_S01_20211125_204500.ogg,BC2026_Train_0561_S01_20211125_204500.ogg,486345,Train,0561,S01,20211125,204500,2021-11-25 20:45:00,2021,11,20,2021-11-25,60.0
train_soundscapes/BC2026_Train_7278_S22_20211101_211500.ogg,BC2026_Train_7278_S22_20211101_211500.ogg,493543,Train,7278,S22,20211101,211500,2021-11-01 21:15:00,2021,11,21,2021-11-01,60.0
train_soundscapes/BC2026_Train_0150_S07_20140107_210800.ogg,BC2026_Train_0150_S07_20140107_210800.ogg,500146,Train,0150,S07,20140107,210800,2014-01-07 21:08:00,2014,1,21,2014-01-07,60.0
train_soundscapes/BC2026_Train_5425_S13_20220315_211500.ogg,BC2026_Train_5425_S13_20220315_211500.ogg,478527,Train,5425,S13,20220315,211500,2022-03-15 21:15:00,2022,3,21,2022-03-15,60.0
train_soundscapes/BC2026_Train_9220_S22_20230929_021500.ogg,BC2026_Train_9220_S22_20230929_021500.ogg,491532,Train,9220,S22,20230929,021500,2023-09-29 02:15:00,2023,9,2,2023-09-29,60.0
train_soundscapes/BC2026_Train_7014_S18_20211222_034500.ogg,BC2026_Train_7014_S18_20211222_034500.ogg,487612,Train,7014,S18,20211222,034500,2021-12-22 03:45:00,2021,12,3,2021-12-22,60.0
train_soundscapes/BC2026_Train_8987_S22_20230219_194500.ogg,BC2026_Train_8987_S22_20230219_194500.ogg,519593,Train,8987,S22,20230219,194500,2023-02-19 19:45:00,2023,2,19,2023-02-19,60.0
train_soundscapes/BC2026_Train_5975_S13_20221211_221500.ogg,BC2026_Train_5975_S13_20221211_221500.ogg,613779,Train,5975,S13,20221211,221500,2022-12-11 22:15:00,2022,12,22,2022-12-11,60.0
train_soundscapes/BC2026_Train_0104_S06_20140508_211100.ogg,BC2026_Train_0104_S06_20140508_211100.ogg,469352,Train,0104,S06,20140508,211100,2014-05-08 21:11:00,2014,5,21,2014-05-08,60.0
train_soundscapes/BC2026_Train_3629_S02_20221007_180000.ogg,BC2026_Train_3629_S02_20221007_180000.ogg,491745,Train,3629,S02,20221007,180000,2022-10-07 18:00:00,2022,10,18,2022-10-07,60.0
train_soundscapes/BC2026_Train_5865_S13_20221113_233000.ogg,BC2026_Train_5865_S13_20221113_233000.ogg,495577,Train,5865,S13,20221113,233000,2022-11-13 23:30:00,2022,11,23,2022-11-13,60.0
train_soundscapes/BC2026_Train_6197_S13_20230209_223000.ogg,BC2026_Train_6197_S13_20230209_223000.ogg,536933,Train,6197,S13,20230209,223000,2023-02-09 22:30:00,2023,2,22,2023-02-09,60.0
train_soundscapes/BC2026_Train_1030_S01_20230121_191500.ogg,BC2026_Train_1030_S01_20230121_191500.ogg,487933,Train,1030,S01,20230121,191500,2023-01-21 19:15:00,2023,1,19,2023-01-21,60.0
train_soundscapes/BC2026_Train_8442_S22_20221110_001500.ogg,BC2026_Train_8442_S22_20221110_001500.ogg,496800,Train,8442,S22,20221110,001500,2022-11-10 00:15:00,2022,11,0,2022-11-10,60.0
train_soundscapes/BC2026_Train_8910_S22_20230206_214500.ogg,BC2026_Train_8910_S22_20230206_214500.ogg,628719,Train,8910,S22,20230206,214500,2023-02-06 21:45:00,2023,2,21,2023-02-06,60.0
train_soundscapes/BC2026_Train_4553_S02_20231207_200000.ogg,BC2026_Train_4553_S02_20231207_200000.ogg,594939,Train,4553,S02,20231207,200000,2023-12-07 20:00:00,2023,12,20,2023-12-07,60.0
train_soundscapes/BC2026_Train_6634_S13_20231024_034500.ogg,BC2026_Train_6634_S13_20231024_034500.ogg,512005,Train,6634,S13,20231024,034500,2023-10-24 03:45:00,2023,10,3,2023-10-24,60.0
train_soundscapes/BC2026_Train_6968_S13_20240129_181500.ogg,BC2026_Train_6968_S13_20240129_181500.ogg,514537,Train,6968,S13,20240129,181500,2024-01-29 18:15:00,2024,1,18,2024-01-29,60.0
train_soundscapes/BC2026_Train_9726_S22_20231228_214500.ogg,BC2026_Train_9726_S22_20231228_214500.ogg,476222,Train,9726,S22,20231228,214500,2023-12-28 21:45:00,2023,12,21,2023-12-28,60.0
train_soundscapes/BC2026_Train_1518_S01_20230903_190000.ogg,BC2026_Train_1518_S01_20230903_190000.ogg,492608,Train,1518,S01,20230903,190000,2023-09-03 19:00:00,2023,9,19,2023-09-03,60.0
train_soundscapes/BC2026_Train_2454_S01_20240328_020000.ogg,BC2026_Train_2454_S01_20240328_020000.ogg,508278,Train,2454,S01,20240328,020000,2024-03-28 02:00:00,2024,3,2,2024-03-28,60.0
train_soundscapes/BC2026_Train_8198_S22_20220923_231500.ogg,BC2026_Train_8198_S22_20220923_231500.ogg,461211,Train,8198,S22,20220923,231500,2022-09-23 23:15:00,2022,9,23,2022-09-23,60.0
train_soundscapes/BC2026_Train_2997_S02_20211229_024500.ogg,BC2026_Train_2997_S02_20211229_024500.ogg,498830,Train,2997,S02,20211229,024500,2021-12-29 02:45:00,2021,12,2,2021-12-29,60.0
train_soundscapes/BC2026_Train_6067_S13_20230105_011500.ogg,BC2026_Train_6067_S13_20230105_011500.ogg,524791,Train,6067,S13,20230105,011500,2023-01-05 01:15:00,2023,1,1,2023-01-05,60.0
train_soundscapes/BC2026_Train_1074_S01_20230201_194500.ogg,BC2026_Train_1074_S01_20230201_194500.ogg,504791,Train,1074,S01,20230201,194500,2023-02-01 19:45:00,2023,2,19,2023-02-01,60.0
train_soundscapes/BC2026_Train_2024_S01_20231217_011500.ogg,BC2026_Train_2024_S01_20231217_011500.ogg,494349,Train,2024,S01,20231217,011500,2023-12-17 01:15:00,2023,12,1,2023-12-17,60.0
train_soundscapes/BC2026_Train_0731_S01_20220102_040000.ogg,BC2026_Train_0731_S01_20220102_040000.ogg,499546,Train,0731,S01,20220102,040000,2022-01-02 04:00:00,2022,1,4,2022-01-02,60.0
train_soundscapes/BC2026_Train_7279_S22_20211101_230000.ogg,BC2026_Train_7279_S22_20211101_230000.ogg,498254,Train,7279,S22,20211101,230000,2021-11-01 23:00:00,2021,11,23,2021-11-01,60.0
train_soundscapes/BC2026_Train_3638_S02_20221010_203000.ogg,BC2026_Train_3638_S02_20221010_203000.ogg,477965,Train,3638,S02,20221010,203000,2022-10-10 20:30:00,2022,10,20,2022-10-10,60.0
train_soundscapes/BC2026_Train_1088_S01_20230204_184500.ogg,BC2026_Train_1088_S01_20230204_184500.ogg,501347,Train,1088,S01,20230204,184500,2023-02-04 18:45:00,2023,2,18,2023-02-04,60.0
